{"cameraMode":{"drawMode":0,"name":"Shaded","section":"Shading Mode"},"sceneLighting":true,"audioPlay":false,"sceneViewState":{"showFog":true,"showMaterialUpdate":false,"showSkybox":true,"showFlares":true,"showImageEffects":true,"showParticleSystems":true},"in2DMode":false,"pivot":{"x":-5.340000152587891,"y":1.0,"z":-0.4099999666213989},"rotation":{"x":-0.02359192445874214,"y":0.9743858575820923,"z":-0.18669629096984864,"w":-0.12312854826450348},"size":2.9136414527893068,"orthographic":false}